{
    "feature_names": [
        "Pregnancies",
        "Glucose",
        "BloodPressure",
        "SkinThickness",
        "Insulin",
        "BMI",
        "DiabetesPedigreeFunction",
        "Age"
    ],
    "model_architecture": "64-32-16",
    "input_features": 8,
    "training_samples": 537,
    "epochs_trained": 29,
    "test_accuracy": 0.732758641242981,
    "test_precision": 0.6666666666666666,
    "test_recall": 0.4878048780487805,
    "test_f1_score": 0.5633802816901409,
    "roc_auc": 0.8432520325203252,
    "saved_at": "2025-11-18 09:00:45"
}